-- ============================================================
-- D3S3 CareSystem – Test / Seed Data
-- Generated: 2026-02-13
--
-- Run AFTER core_app.sql (schema + existing seed data).
-- This script is additive: uses INSERT IGNORE where
-- primary keys are specified, so re-running won't duplicate.
-- ============================================================

SET SQL_MODE = "NO_AUTO_VALUE_ON_ZERO";
START TRANSACTION;
SET time_zone = "+00:00";

-- ============================================================
-- 1. USERS  (add more staff beyond the 3 existing)
--    All test passwords are:  Test1234!
--    bcrypt hash of "Test1234!":
--    $2y$10$92IXUNpkjO0rOQ5byMi.Ye4oKoEa3Ro9llC/.og/at2.uheWG/igi
-- ============================================================
INSERT IGNORE INTO `users`
  (`user_id`, `first_name`, `last_name`, `email`, `phone_e164`, `username`, `password_hash`, `role`, `is_active`, `last_login_at`, `created_at`)
VALUES
  (4,  'Priya',   'Desai',    'p.desai@d3s3.com',    '+919812345001', 'pdesai',    '$2y$10$92IXUNpkjO0rOQ5byMi.Ye4oKoEa3Ro9llC/.og/at2.uheWG/igi', 'DOCTOR',              1, '2026-02-11 10:30:00', '2026-02-05 09:00:00'),
  (5,  'Amit',    'Patel',    'a.patel@d3s3.com',    '+919812345002', 'apatel',    '$2y$10$92IXUNpkjO0rOQ5byMi.Ye4oKoEa3Ro9llC/.og/at2.uheWG/igi', 'DOCTOR',              1, '2026-02-12 08:15:00', '2026-02-05 09:00:00'),
  (6,  'Sneha',   'Kulkarni', 's.kulkarni@d3s3.com', '+919812345003', 'skulkarni', '$2y$10$92IXUNpkjO0rOQ5byMi.Ye4oKoEa3Ro9llC/.og/at2.uheWG/igi', 'NURSE',               1, NULL,                  '2026-02-05 09:00:00'),
  (7,  'Rohan',   'Mehta',    'r.mehta@d3s3.com',    '+919812345004', 'rmehta',    '$2y$10$92IXUNpkjO0rOQ5byMi.Ye4oKoEa3Ro9llC/.og/at2.uheWG/igi', 'NURSE',               1, '2026-02-10 14:00:00', '2026-02-06 09:00:00'),
  (8,  'Meena',   'Rao',      'm.rao@d3s3.com',      '+919812345005', 'mrao',      '$2y$10$92IXUNpkjO0rOQ5byMi.Ye4oKoEa3Ro9llC/.og/at2.uheWG/igi', 'DATA_ENTRY_OPERATOR', 1, '2026-02-13 09:00:00', '2026-02-06 09:00:00'),
  (9,  'Vikram',  'Singh',    'v.singh@d3s3.com',    '+919812345006', 'vsingh',    '$2y$10$92IXUNpkjO0rOQ5byMi.Ye4oKoEa3Ro9llC/.og/at2.uheWG/igi', 'DATA_ENTRY_OPERATOR', 1, NULL,                  '2026-02-07 09:00:00'),
  (10, 'Anita',   'Gupta',    'a.gupta@d3s3.com',    '+919812345007', 'agupta',    '$2y$10$92IXUNpkjO0rOQ5byMi.Ye4oKoEa3Ro9llC/.og/at2.uheWG/igi', 'ADMIN',               1, '2026-02-12 16:45:00', '2026-02-07 09:00:00'),
  (11, 'Deepak',  'Joshi',    'd.joshi@d3s3.com',    NULL,            'djoshi',    '$2y$10$92IXUNpkjO0rOQ5byMi.Ye4oKoEa3Ro9llC/.og/at2.uheWG/igi', 'DOCTOR',              0, NULL,                  '2026-02-08 09:00:00');


-- ============================================================
-- 2. PATIENTS  (add more beyond the 4 existing)
--    patient_code is normally auto-generated by trigger, but
--    for seeding we set it manually with INSERT IGNORE.
-- ============================================================
INSERT IGNORE INTO `patients`
  (`patient_id`, `patient_code`, `first_seen_date`, `first_name`, `last_name`, `sex`, `date_of_birth`, `age_years`, `phone_e164`, `email`, `address_line1`, `city`, `state_province`, `postal_code`, `blood_group`, `allergies`, `emergency_contact_name`, `emergency_contact_phone`, `username`, `password_hash`, `is_active`, `created_at`)
VALUES
  (5,  '20260210000', '2026-02-10', 'Sunita',   'Devi',    'FEMALE',  '1985-03-15', 40, '+919900100001', 'sunita.d@email.com',  '42 MG Road',          'Pune',      'Maharashtra', '411001', 'B+',  NULL,                 'Rajesh Devi',   '+919900100099', NULL, NULL, 1, '2026-02-10 09:15:00'),
  (6,  '20260210001', '2026-02-10', 'Arun',     'Kumar',   'MALE',    '1972-08-22', 53, '+919900100002', NULL,                  '15 Station Road',     'Pune',      'Maharashtra', '411002', 'O+',  'Penicillin',         'Lakshmi Kumar', '+919900100098', NULL, NULL, 1, '2026-02-10 09:30:00'),
  (7,  '20260210002', '2026-02-10', 'Lakshmi',  'Iyer',    'FEMALE',  '1990-11-05', 35, '+919900100003', 'lakshmi.i@email.com', '8 Temple Street',     'Pune',      'Maharashtra', '411003', 'A+',  NULL,                 'Venkat Iyer',   '+919900100097', NULL, NULL, 1, '2026-02-10 10:00:00'),
  (8,  '20260210003', '2026-02-10', 'Mohammed', 'Ansari',  'MALE',    '1968-01-30', 58, '+919900100004', NULL,                  '22 Park Avenue',      'Pune',      'Maharashtra', '411004', 'AB+', 'Sulfa drugs',        'Fatima Ansari', '+919900100096', NULL, NULL, 1, '2026-02-10 10:30:00'),
  (9,  '20260211000', '2026-02-11', 'Kavita',   'Reddy',   'FEMALE',  '1995-06-18', 30, '+919900100005', 'kavita.r@email.com',  '5 Jubilee Hills',     'Hyderabad', 'Telangana',   '500033', 'O-',  NULL,                 'Suresh Reddy',  '+919900100095', NULL, NULL, 1, '2026-02-11 09:00:00'),
  (10, '20260211001', '2026-02-11', 'Rajesh',   'Verma',   'MALE',    '1980-12-01', 45, '+919900100006', NULL,                  '71 Civil Lines',      'Nagpur',    'Maharashtra', '440001', 'B-',  'Aspirin',            'Suman Verma',   '+919900100094', NULL, NULL, 1, '2026-02-11 09:45:00'),
  (11, '20260211002', '2026-02-11', 'Anjali',   'Nair',    'FEMALE',  '2000-04-10', 25, '+919900100007', 'anjali.n@email.com',  '33 Beach Road',       'Kochi',     'Kerala',      '682001', 'A-',  NULL,                 'Vijay Nair',    '+919900100093', NULL, NULL, 1, '2026-02-11 10:30:00'),
  (12, '20260212000', '2026-02-12', 'Suresh',   'Yadav',   'MALE',    '1955-09-25', 70, '+919900100008', NULL,                  '18 Gandhi Nagar',     'Pune',      'Maharashtra', '411005', 'O+',  'Ibuprofen, Codeine', 'Kamla Yadav',   '+919900100092', NULL, NULL, 1, '2026-02-12 08:30:00'),
  (13, '20260212001', '2026-02-12', 'Pooja',    'Bhatt',   'FEMALE',  '1988-07-14', 37, '+919900100009', 'pooja.b@email.com',   '9 Lakeview Colony',   'Pune',      'Maharashtra', '411006', 'AB-', NULL,                 'Dinesh Bhatt',  '+919900100091', NULL, NULL, 1, '2026-02-12 09:15:00'),
  (14, '20260213000', '2026-02-13', 'Ramesh',   'Chauhan', 'MALE',    '1975-02-28', 51, '+919900100010', NULL,                  '55 Industrial Area',  'Pune',      'Maharashtra', '411007', 'A+',  NULL,                 'Geeta Chauhan', '+919900100090', NULL, NULL, 1, '2026-02-13 08:00:00');

-- Update patient_daily_sequence to reflect the new patients
INSERT INTO `patient_daily_sequence` (`seq_date`, `last_n`) VALUES
  ('2026-02-10', 3),
  ('2026-02-11', 2),
  ('2026-02-12', 1),
  ('2026-02-13', 0)
ON DUPLICATE KEY UPDATE `last_n` = VALUES(`last_n`);


-- ============================================================
-- 3. EVENTS  (add more beyond the 2 existing)
-- ============================================================
INSERT IGNORE INTO `events`
  (`event_id`, `event_type`, `title`, `description`, `start_datetime`, `end_datetime`, `location_name`, `address`, `city`, `state_province`, `postal_code`, `status`, `is_active`, `created_by_user_id`, `created_at`)
VALUES
  (3, 'MEDICAL_CAMP',        'Eye Screening Camp',               'Free eye check-ups and spectacle distribution for senior citizens.',       '2026-02-15 09:00:00', '2026-02-15 15:00:00', 'Government School Ground',   'Shivaji Nagar',   'Pune',  'Maharashtra', '411005', 'SCHEDULED', 1, 1,  '2026-02-10 12:00:00'),
  (4, 'TRAINING',            'First Aid Refresher for Nurses',    'Annual first-aid certification renewal training.',                         '2026-02-18 10:00:00', '2026-02-18 13:00:00', 'D3S3 Training Room',         'Office Campus',   'Pune',  'Maharashtra', '411001', 'SCHEDULED', 1, 1,  '2026-02-10 12:00:00'),
  (5, 'MEDICAL_CAMP',        'Rural Health Camp - Mulshi',        'General health screening and medicine distribution in rural Mulshi area.', '2026-02-08 08:00:00', '2026-02-08 17:00:00', 'Mulshi Gram Panchayat Hall', 'Mulshi Village',  'Mulshi','Maharashtra', '412108', 'COMPLETED', 1, 1,  '2026-02-01 10:00:00'),
  (6, 'EDUCATIONAL_SEMINAR', 'Nutrition & Child Health Workshop', 'Interactive workshop on child nutrition for new mothers.',                 '2026-02-20 14:00:00', '2026-02-20 17:00:00', 'Community Health Center',    'Kothrud',         'Pune',  'Maharashtra', '411038', 'DRAFT',     1, 10, '2026-02-12 09:00:00'),
  (7, 'MEETING',             'Monthly Staff Review Meeting',      'Review of patient outcomes, camp reports, and upcoming schedule.',         '2026-02-14 16:00:00', '2026-02-14 17:30:00', 'D3S3 Conference Room',       'Office Campus',   'Pune',  'Maharashtra', '411001', 'SCHEDULED', 1, 1,  '2026-02-10 14:00:00');


-- ============================================================
-- 4. CASE SHEETS  (populate with realistic medical visits)
-- ============================================================
INSERT IGNORE INTO `case_sheets`
  (`case_sheet_id`, `patient_id`, `visit_datetime`, `visit_type`, `created_by_user_id`, `assigned_doctor_user_id`,
   `chief_complaint`, `history_present_illness`, `vitals_json`, `exam_notes`, `assessment`, `diagnosis`,
   `plan_notes`, `prescriptions`, `advice`, `follow_up_date`, `follow_up_notes`,
   `referral_to`, `referral_reason`,
   `is_closed`, `closed_at`, `closed_by_user_id`, `closure_type`, `disposition`, `is_locked`, `created_at`)
VALUES
-- Case 1: Sunita Devi — Camp visit, closed/follow-up
(1, 5, '2026-02-10 09:20:00', 'CAMP', 8, 4,
 'Persistent headaches for 2 weeks',
 'Patient reports daily headaches starting in the morning, worsening with activity. No history of migraine. No visual disturbances.',
 '{"bp_systolic":148,"bp_diastolic":92,"pulse":82,"temp_f":98.4,"spo2":97,"weight_kg":68,"height_cm":158}',
 'Alert, oriented. No papilledema. Neck supple. No neurological deficits.',
 'Headaches likely secondary to uncontrolled hypertension.',
 'Essential hypertension, Stage 1',
 'Start antihypertensive. Lifestyle modifications. Review in 2 weeks.',
 'Tab Amlodipine 5mg OD x 30 days',
 'Reduce salt intake. Walk 30 min daily. Avoid stress. Monitor BP at home.',
 '2026-02-24', 'Review BP log, assess medication response.',
 NULL, NULL,
 1, '2026-02-10 09:50:00', 4, 'FOLLOW_UP', 'Started on antihypertensive. Follow-up in 2 weeks.', 0, '2026-02-10 09:20:00'),

-- Case 2: Arun Kumar — Camp visit, referred to hospital
(2, 6, '2026-02-10 09:35:00', 'CAMP', 8, 4,
 'Chest pain on exertion for 1 month',
 'Patient describes substernal chest tightness during walking uphill, relieved by rest. Smoker 30 pack-years. Family history of MI (father at age 55).',
 '{"bp_systolic":160,"bp_diastolic":95,"pulse":88,"temp_f":98.6,"spo2":95,"weight_kg":82,"height_cm":170}',
 'Obese. Mild wheeze bilaterally. S1S2 normal, no murmurs. Peripheral pulses present.',
 'Exertional chest pain — need to rule out ischemic heart disease.',
 'Suspected angina pectoris; COPD likely',
 'Urgent referral for ECG, stress test, and cardiac workup.',
 'Tab Aspirin 75mg OD, Tab Atorvastatin 20mg HS, SL Sorbitrate 5mg SOS',
 'Stop smoking immediately. Avoid heavy exertion. Go to ER if chest pain at rest.',
 NULL, NULL,
 'Sassoon General Hospital, Cardiology', 'Suspected unstable angina, needs urgent cardiac evaluation and possible angiography.',
 1, '2026-02-10 10:15:00', 4, 'REFERRAL', 'Referred to cardiology for urgent evaluation.', 1, '2026-02-10 09:35:00'),

-- Case 3: Lakshmi Iyer — Camp visit, discharged
(3, 7, '2026-02-10 10:05:00', 'CAMP', 9, 5,
 'Joint pain in both knees for 6 months',
 'Bilateral knee pain, worse on climbing stairs and squatting. Morning stiffness lasting 15 minutes. No swelling or redness.',
 '{"bp_systolic":120,"bp_diastolic":78,"pulse":74,"temp_f":98.2,"spo2":98,"weight_kg":72,"height_cm":160}',
 'Crepitus bilateral knees. No effusion. Full ROM with pain at extremes. BMI 28.1.',
 'Bilateral knee osteoarthritis, Grade 2.',
 'Osteoarthritis, bilateral knees',
 'Weight reduction. Quadriceps strengthening exercises. Analgesics as needed.',
 'Tab Paracetamol 650mg TDS x 14 days, Cap Glucosamine 1500mg OD x 30 days',
 'Lose 5 kg over next 3 months. Avoid squatting and stair climbing. Use warm compresses.',
 '2026-02-24', 'Review symptoms. Consider X-ray if no improvement.',
 NULL, NULL,
 1, '2026-02-10 10:35:00', 5, 'DISCHARGED', 'Conservative management. Follow-up in 2 weeks.', 0, '2026-02-10 10:05:00'),

-- Case 4: Mohammed Ansari — Camp visit, still open
(4, 8, '2026-02-10 10:35:00', 'CAMP', 8, 5,
 'Uncontrolled diabetes — blood sugar very high',
 'Known diabetic for 12 years. Currently on Metformin 500mg BD. Reports polyuria, polydipsia, blurred vision for 1 month. Last HbA1c was 9.2% (3 months ago).',
 '{"bp_systolic":135,"bp_diastolic":85,"pulse":80,"temp_f":98.4,"spo2":97,"weight_kg":78,"height_cm":168,"rbs_mg_dl":320}',
 'Dry skin. Reduced sensation in feet bilaterally. Fundoscopy: early background retinopathy.',
 'Poorly controlled Type 2 DM with early complications (neuropathy, retinopathy).',
 'Type 2 Diabetes Mellitus, uncontrolled; Diabetic peripheral neuropathy; Background diabetic retinopathy',
 'Intensify glycemic control. Add second oral agent. Ophthalmology referral for retinopathy. Foot care education.',
 'Tab Metformin 1000mg BD, Tab Glimepiride 2mg OD before breakfast, Tab Methylcobalamin 1500mcg OD',
 'Strict diabetic diet. Check blood sugar fasting and post-meal daily. Foot care — inspect daily, wear proper footwear.',
 '2026-02-17', 'Review fasting and post-meal blood sugar diary. Repeat HbA1c.',
 NULL, NULL,
 0, NULL, NULL, 'PENDING', NULL, 0, '2026-02-10 10:35:00'),

-- Case 5: Kavita Reddy — Clinic visit, discharged
(5, 9, '2026-02-11 09:10:00', 'CLINIC', 8, 4,
 'Sore throat and fever for 3 days',
 'High-grade fever (102F) with sore throat and difficulty swallowing. No cough. No rash.',
 '{"bp_systolic":110,"bp_diastolic":70,"pulse":96,"temp_f":101.8,"spo2":98,"weight_kg":55,"height_cm":162}',
 'Pharynx congested. Tonsils enlarged, bilateral, with whitish exudate. Anterior cervical lymph nodes tender and palpable.',
 'Acute exudative tonsillitis, likely bacterial.',
 'Acute bacterial tonsillitis',
 'Antibiotics x 7 days. Symptomatic treatment. Review if not improving in 48 hours.',
 'Tab Amoxicillin 500mg TDS x 7 days, Tab Paracetamol 500mg TDS x 3 days, Betadine gargle TDS',
 'Warm saline gargles. Soft diet. Plenty of fluids. Rest.',
 NULL, NULL,
 NULL, NULL,
 1, '2026-02-11 09:40:00', 4, 'DISCHARGED', 'Acute tonsillitis. Antibiotics prescribed.', 0, '2026-02-11 09:10:00'),

-- Case 6: Rajesh Verma — Clinic visit, open
(6, 10, '2026-02-11 10:00:00', 'CLINIC', 9, 5,
 'Lower back pain radiating to left leg for 1 week',
 'Acute onset LBP after lifting heavy furniture. Pain radiates to left buttock and posterior thigh. Numbness in left foot. No bladder/bowel involvement.',
 '{"bp_systolic":130,"bp_diastolic":82,"pulse":78,"temp_f":98.4,"spo2":98,"weight_kg":85,"height_cm":175}',
 'Lumbar paraspinal muscle spasm. SLR positive left at 40 degrees. Reduced ankle jerk left. No motor deficit.',
 'Acute lumbar radiculopathy, likely L5-S1 disc involvement.',
 'Lumbar disc herniation with left L5-S1 radiculopathy',
 'Conservative management initially. MRI if no improvement in 2 weeks. Strict bed rest 48 hours.',
 'Tab Diclofenac 50mg BD x 7 days, Tab Thiocolchicoside 4mg BD x 7 days, Tab Pregabalin 75mg HS x 14 days',
 'Strict bed rest on firm mattress for 48 hours. Avoid bending and lifting. Apply hot fomentation. Begin gentle back exercises after pain subsides.',
 '2026-02-25', 'Review pain response. If persistent numbness or weakness, urgent MRI.',
 NULL, NULL,
 0, NULL, NULL, 'PENDING', NULL, 0, '2026-02-11 10:00:00'),

-- Case 7: Anjali Nair — Clinic visit, discharged
(7, 11, '2026-02-11 11:00:00', 'CLINIC', 8, 4,
 'Skin rash on both arms for 5 days',
 'Itchy, red, raised rash on both forearms. Started after using a new laundry detergent. No fever. No prior history of eczema.',
 '{"bp_systolic":112,"bp_diastolic":72,"pulse":70,"temp_f":98.0,"spo2":99,"weight_kg":52,"height_cm":155}',
 'Erythematous papular rash on bilateral forearms. No vesicles. No secondary infection. Rest of skin clear.',
 'Contact dermatitis secondary to detergent exposure.',
 'Allergic contact dermatitis',
 'Topical steroids. Antihistamine. Avoid offending agent.',
 'Cream Betamethasone 0.05% apply BD x 7 days, Tab Cetirizine 10mg HS x 7 days',
 'Stop using the new detergent. Use fragrance-free, hypoallergenic products. Keep skin moisturized.',
 NULL, NULL,
 NULL, NULL,
 1, '2026-02-11 11:25:00', 4, 'DISCHARGED', 'Contact dermatitis. Topical treatment prescribed.', 0, '2026-02-11 11:00:00'),

-- Case 8: Suresh Yadav — Emergency visit, referred
(8, 12, '2026-02-12 08:45:00', 'EMERGENCY', 8, 5,
 'Sudden severe abdominal pain with vomiting',
 'Acute onset severe epigastric pain radiating to back, started 2 hours ago after a heavy meal. Multiple episodes of vomiting. History of gallstones diagnosed 6 months ago.',
 '{"bp_systolic":100,"bp_diastolic":65,"pulse":110,"temp_f":100.2,"spo2":96,"weight_kg":75,"height_cm":165}',
 'Distressed, diaphoretic. Abdomen — guarding in epigastrium and RUQ. Tenderness with rebound. Bowel sounds reduced. Murphy sign positive.',
 'Acute abdomen — likely acute cholecystitis or biliary pancreatitis given history of gallstones.',
 'Acute cholecystitis; Rule out acute pancreatitis',
 'IV fluids, NPO, pain management. Urgent surgical referral.',
 'Inj Pantoprazole 40mg IV stat, Inj Tramadol 50mg IV stat, NS 1000ml IV over 4 hours',
 'Nothing by mouth. Immediate transfer to hospital.',
 NULL, NULL,
 'Ruby Hall Clinic, Surgery', 'Acute abdomen with suspected cholecystitis/pancreatitis. Needs urgent imaging and surgical consult.',
 1, '2026-02-12 09:30:00', 5, 'REFERRAL', 'Emergency referral to surgery for acute abdomen.', 1, '2026-02-12 08:45:00'),

-- Case 9: Pooja Bhatt — Clinic visit, follow-up
(9, 13, '2026-02-12 09:20:00', 'CLINIC', 9, 4,
 'Irregular periods and fatigue for 3 months',
 'Menstrual cycles irregular — ranging from 20 to 45 days. Heavy flow lasting 7-8 days. Feeling very tired. Weight gain of 5 kg in 3 months.',
 '{"bp_systolic":118,"bp_diastolic":76,"pulse":72,"temp_f":98.2,"spo2":99,"weight_kg":70,"height_cm":163}',
 'Mild pallor. Thyroid not enlarged. No hirsutism. Abdomen soft, no masses.',
 'Irregular menstruation with fatigue. Need to rule out thyroid dysfunction and anemia.',
 'Dysfunctional uterine bleeding; Anemia to be ruled out; Hypothyroidism to be ruled out',
 'Blood work: CBC, TSH, Free T4, Iron studies. Pelvic ultrasound. Review with reports.',
 'Tab Ferrous Fumarate 200mg BD x 30 days, Tab Tranexamic Acid 500mg TDS during menses x 5 days',
 'Iron-rich diet — green leafy vegetables, jaggery, dates. Maintain menstrual diary. Return with blood reports.',
 '2026-02-19', 'Review CBC and thyroid reports. Adjust treatment accordingly.',
 NULL, NULL,
 1, '2026-02-12 10:00:00', 4, 'FOLLOW_UP', 'Lab work ordered. Follow-up with reports.', 0, '2026-02-12 09:20:00'),

-- Case 10: Ramesh Chauhan — Today's visit, open
(10, 14, '2026-02-13 08:15:00', 'CLINIC', 8, 4,
 'Burning urination and frequent urge to urinate for 4 days',
 'Dysuria with increased frequency for 4 days. Mild suprapubic discomfort. No fever. No hematuria. No flank pain.',
 '{"bp_systolic":128,"bp_diastolic":80,"pulse":76,"temp_f":98.6,"spo2":98,"weight_kg":80,"height_cm":172}',
 'Abdomen soft. Mild suprapubic tenderness. No costovertebral angle tenderness. No urethral discharge.',
 'Lower urinary tract infection.',
 'Acute cystitis',
 'Empirical antibiotics. Urine culture to confirm. Increase fluid intake.',
 'Tab Nitrofurantoin 100mg BD x 5 days',
 'Drink at least 3 liters of water daily. Avoid holding urine. Complete full course of antibiotics.',
 NULL, 'Review urine culture results if symptoms persist.',
 NULL, NULL,
 0, NULL, NULL, 'PENDING', NULL, 0, '2026-02-13 08:15:00');


-- ============================================================
-- 5. MESSAGES  (patient-staff communication)
-- ============================================================
INSERT IGNORE INTO `messages`
  (`message_id`, `patient_id`, `sender_type`, `sender_user_id`, `subject`, `message_text`, `is_read`, `read_at`, `case_sheet_id`, `sent_at`)
VALUES
-- Sunita Devi conversation about her BP follow-up
(1, 5, 'PATIENT', NULL,
 'Question about my blood pressure medicine',
 'Dear Doctor, I started taking the Amlodipine as prescribed. I am feeling a little dizzy in the mornings after taking it. Is this normal? Should I continue the medicine? My BP readings at home have been around 135/85. Thank you.',
 1, '2026-02-12 10:30:00', 1, '2026-02-12 09:15:00'),

(2, 5, 'STAFF', 4,
 'RE: Question about my blood pressure medicine',
 'Dear Sunita, mild dizziness can occur in the first few days as your body adjusts to the medication. Your BP of 135/85 shows good improvement. Please continue the medicine and take it at bedtime instead of morning — this should help with the dizziness. If dizziness persists beyond a week, please visit us. Keep recording your BP daily.',
 1, '2026-02-12 15:00:00', 1, '2026-02-12 10:45:00'),

-- Mohammed Ansari asking about diet
(3, 8, 'PATIENT', NULL,
 'Diabetic diet question',
 'Doctor sahab, I am confused about what I can eat. You said strict diabetic diet but can I eat rice? And what about fruits? My sugar was 280 this morning fasting. Please guide.',
 1, '2026-02-12 14:00:00', 4, '2026-02-12 11:30:00'),

(4, 8, 'STAFF', 5,
 'RE: Diabetic diet question',
 'Dear Mohammed, a fasting sugar of 280 is still quite high. For rice — you can have small portions of brown rice, but white rice should be avoided. For fruits — you can eat apple, guava, and papaya in small amounts. Avoid mango, banana, grapes, and chikoo completely. Please take your medicines regularly and walk for 30 minutes after dinner. We will review your sugars at your next visit on Feb 17.',
 0, NULL, 4, '2026-02-12 14:30:00'),

-- Rajesh Verma update on back pain
(5, 10, 'PATIENT', NULL,
 'Back pain update',
 'Hello Doctor, I have been resting as advised. The back pain has reduced somewhat but the numbness in my left foot is still there. Should I be concerned? When can I go back to work?',
 1, '2026-02-13 09:00:00', 6, '2026-02-13 07:45:00'),

(6, 10, 'STAFF', 5,
 'RE: Back pain update',
 'Dear Rajesh, it is good that the pain is reducing. Persistent numbness after a week needs attention — please come in for a review this week so we can assess whether an MRI is needed sooner. Do not return to work involving lifting until we clear you. Continue the Pregabalin as prescribed.',
 0, NULL, 6, '2026-02-13 09:15:00'),

-- Pooja Bhatt asking about lab reports
(7, 13, 'PATIENT', NULL,
 'When should I get blood tests done?',
 'Hi, I wanted to ask — should I get the blood tests done on an empty stomach? And where should I go for the pelvic ultrasound? Can you recommend a lab nearby?',
 0, NULL, 9, '2026-02-13 10:00:00'),

-- Anjali Nair follow-up
(8, 11, 'PATIENT', NULL,
 'Rash is clearing up',
 'Doctor, just wanted to let you know the rash on my arms is much better after using the cream. I threw away the old detergent. Thank you for the help!',
 1, '2026-02-13 11:00:00', 7, '2026-02-13 08:30:00'),

(9, 11, 'STAFF', 4,
 'RE: Rash is clearing up',
 'That is great to hear, Anjali! You can taper the cream — apply once daily for 3 more days then stop. Continue using hypoallergenic products. No need for a follow-up visit unless it recurs.',
 0, NULL, 7, '2026-02-13 11:15:00');


-- ============================================================
-- 6. PATIENT FEEDBACK
-- ============================================================
INSERT IGNORE INTO `patient_feedback`
  (`feedback_id`, `patient_id`, `related_user_id`, `feedback_type`, `rating`, `feedback_text`, `status`, `admin_notes`, `created_at`)
VALUES
(1, 5,  4,    'POSITIVE',   5, 'Dr. Desai was very patient and explained my condition clearly. She took time to answer all my questions about blood pressure. The camp was well organized.', 'REVIEWED',  'Shared with Dr. Desai. Good feedback.',                                                                  '2026-02-10 16:00:00'),
(2, 6,  NULL, 'SUGGESTION', NULL, 'The waiting time at the camp was very long — almost 2 hours. It would be nice if there was a token system so we know our turn. Also, more chairs would help for elderly patients.', 'ACTIONED', 'Will implement token system for next camp. Added to logistics checklist.', '2026-02-10 16:30:00'),
(3, 7,  5,    'POSITIVE',   4, 'Good consultation. Dr. Patel was helpful. Only suggestion is that it would be nice to get a printed summary of the advice given during the visit.', 'REVIEWED', NULL,                                '2026-02-10 17:00:00'),
(4, 9,  8,    'POSITIVE',   5, 'Meena at the registration desk was very helpful and efficient. Got my paperwork done quickly and she was very friendly. Thank you!',                  'NEW',      NULL,                                '2026-02-11 12:00:00'),
(5, 12, NULL, 'COMPLAINT',  2, 'I came with severe stomach pain and had to wait 20 minutes before anyone attended to me. For emergency cases there should be immediate attention. The treatment itself was good once the doctor saw me.', 'REVIEWED', 'Discussed with team. Implementing triage protocol for emergency walk-ins to ensure immediate assessment.', '2026-02-12 14:00:00'),
(6, 13, 4,    'POSITIVE',   4, 'Dr. Desai was thorough in her examination and ordered all the right tests. I appreciated that she explained why each test was needed. Clinic was clean and comfortable.', 'NEW', NULL, '2026-02-12 11:00:00'),
(7, 14, NULL, 'SUGGESTION', NULL, 'It would be great if the clinic could offer online appointment booking instead of walk-in only. Hard to take time off work without knowing the wait time.',  'NEW', NULL, '2026-02-13 09:00:00'),
(8, 8,  6,    'POSITIVE',   5, 'Nurse Sneha was very caring when checking my vitals and explaining how to use the glucose monitor. She made me feel comfortable despite my fear of needles.', 'NEW', NULL, '2026-02-11 11:00:00');


-- ============================================================
-- 7. ASSETS  (add more educational materials)
-- ============================================================
INSERT IGNORE INTO `assets`
  (`asset_id`, `title`, `description`, `asset_type`, `category`, `file_name`, `file_size_bytes`, `storage_type`, `resource_url`, `is_public`, `is_active`, `uploaded_by_user_id`, `created_at`)
VALUES
(3, 'Understanding Diabetes',         'A patient-friendly guide to managing Type 2 Diabetes, diet, and exercise.',  'PDF',      'diabetes',       'diabetes_guide.pdf',      2048000, 'LOCAL', '/assets/documents/diabetes_guide.pdf',       1, 1, 4,  '2026-02-10 10:00:00'),
(4, 'Hypertension Self-Care Tips',     'Infographic with daily tips for managing high blood pressure at home.',      'IMAGE',    'hypertension',   'bp_tips_infographic.png', 540000,  'LOCAL', '/assets/images/bp_tips_infographic.png',     1, 1, 4,  '2026-02-10 10:00:00'),
(5, 'Post-Surgical Wound Care',        'Instructions for patients on caring for surgical wounds after discharge.',   'PDF',      'post-op',        'wound_care_guide.pdf',    1200000, 'LOCAL', '/assets/documents/wound_care_guide.pdf',     1, 1, 5,  '2026-02-10 10:00:00'),
(6, 'Hand Hygiene Training Video',     'WHO-standard hand hygiene technique for clinic staff.',                       'VIDEO',    'infection-ctrl', NULL,                      NULL,    'URL',   'https://example.org/videos/hand_hygiene.mp4', 0, 1, 1, '2026-02-11 08:00:00'),
(7, 'Diabetic Foot Care',              'Visual guide for diabetic patients on daily foot inspection and care.',       'DOCUMENT', 'diabetes',       'diabetic_foot_care.docx', 890000,  'LOCAL', '/assets/documents/diabetic_foot_care.docx',  1, 1, 5,  '2026-02-11 09:00:00'),
(8, 'Camp Registration Form Template', 'Printable patient registration form for use at medical camps.',              'PDF',      'admin',          'camp_reg_form.pdf',       350000,  'LOCAL', '/assets/documents/camp_reg_form.pdf',        0, 1, 10, '2026-02-12 09:00:00');


COMMIT;

-- ============================================================
-- Summary of test data added by this script:
-- ============================================================
-- users:             8 new  (IDs 4-11)   → Total ~11
-- patients:         10 new  (IDs 5-14)   → Total ~14
-- events:            5 new  (IDs 3-7)    → Total ~7
-- case_sheets:      10 new  (IDs 1-10)   → Total 10
-- messages:          9 new  (IDs 1-9)    → Total 9
-- patient_feedback:  8 new  (IDs 1-8)    → Total 8
-- assets:            6 new  (IDs 3-8)    → Total ~8
-- ============================================================
